Strike,CE_IV,PE_IV,Expiry
22600.0,0.0,44.86,28-Oct-2025
22650.0,0.0,43.9,28-Oct-2025
22700.0,74.15,45.35,28-Oct-2025
22750.0,0.0,43.34,28-Oct-2025
22800.0,0.0,42.89,28-Oct-2025
22850.0,0.0,41.47,28-Oct-2025
22900.0,0.0,41.75,28-Oct-2025
22950.0,0.0,40.61,28-Oct-2025
23000.0,0.0,41.16,28-Oct-2025
23050.0,0.0,40.28,28-Oct-2025
23100.0,0.0,40.27,28-Oct-2025
23150.0,0.0,37.67,28-Oct-2025
23200.0,0.0,37.82,28-Oct-2025
23250.0,0.0,39.54,28-Oct-2025
23300.0,0.0,37.46,28-Oct-2025
23350.0,0.0,36.12,28-Oct-2025
23400.0,68.44,36.06,28-Oct-2025
23450.0,53.68,34.73,28-Oct-2025
23500.0,0.0,34.65,28-Oct-2025
23550.0,0.0,33.66,28-Oct-2025
23600.0,0.0,33.11,28-Oct-2025
23650.0,0.0,33.07,28-Oct-2025
23700.0,0.0,31.57,28-Oct-2025
23750.0,48.72,30.59,28-Oct-2025
23800.0,0.0,29.9,28-Oct-2025
23850.0,0.0,29.21,28-Oct-2025
23900.0,0.0,28.79,28-Oct-2025
23950.0,44.9,28.35,28-Oct-2025
24000.0,0.0,27.76,28-Oct-2025
24050.0,0.0,27.39,28-Oct-2025
24100.0,0.0,26.36,28-Oct-2025
24150.0,0.0,25.76,28-Oct-2025
24200.0,0.0,25.16,28-Oct-2025
24250.0,39.17,24.73,28-Oct-2025
24300.0,0.0,23.74,28-Oct-2025
24350.0,23.52,23.12,28-Oct-2025
24400.0,0.0,22.66,28-Oct-2025
24450.0,0.0,21.86,28-Oct-2025
24500.0,0.0,21.38,28-Oct-2025
24550.0,0.0,20.72,28-Oct-2025
24600.0,0.0,20.2,28-Oct-2025
24650.0,0.0,20.0,28-Oct-2025
24700.0,0.0,19.46,28-Oct-2025
24750.0,0.0,18.64,28-Oct-2025
24800.0,0.0,18.12,28-Oct-2025
24850.0,0.0,17.48,28-Oct-2025
24900.0,0.0,16.9,28-Oct-2025
24950.0,0.0,16.1,28-Oct-2025
25000.0,0.0,15.45,28-Oct-2025
25050.0,0.0,15.06,28-Oct-2025
25100.0,0.0,14.43,28-Oct-2025
25150.0,0.0,13.85,28-Oct-2025
25200.0,0.0,13.18,28-Oct-2025
25250.0,0.0,12.43,28-Oct-2025
25300.0,0.0,11.81,28-Oct-2025
25350.0,0.0,11.2,28-Oct-2025
25400.0,0.0,10.56,28-Oct-2025
25450.0,0.0,10.06,28-Oct-2025
25500.0,6.73,9.58,28-Oct-2025
25550.0,7.53,9.33,28-Oct-2025
25600.0,7.77,9.1,28-Oct-2025
25650.0,7.77,8.91,28-Oct-2025
25700.0,7.79,8.8,28-Oct-2025
25750.0,7.93,8.88,28-Oct-2025
25800.0,8.11,8.97,28-Oct-2025
25850.0,8.3,9.18,28-Oct-2025
25900.0,8.55,9.23,28-Oct-2025
25950.0,8.83,9.6,28-Oct-2025
26000.0,9.18,10.04,28-Oct-2025
26050.0,9.5,10.78,28-Oct-2025
26100.0,9.89,10.78,28-Oct-2025
26150.0,10.32,11.49,28-Oct-2025
26200.0,10.72,12.15,28-Oct-2025
26250.0,11.24,13.27,28-Oct-2025
26300.0,11.67,13.38,28-Oct-2025
26350.0,12.17,15.3,28-Oct-2025
26400.0,12.74,15.71,28-Oct-2025
26450.0,13.22,16.12,28-Oct-2025
26500.0,13.75,17.38,28-Oct-2025
26550.0,14.17,18.1,28-Oct-2025
26600.0,14.53,0.0,28-Oct-2025
26650.0,15.17,19.71,28-Oct-2025
26700.0,15.47,21.27,28-Oct-2025
26750.0,15.83,23.15,28-Oct-2025
26800.0,16.45,22.88,28-Oct-2025
26850.0,16.92,21.29,28-Oct-2025
26900.0,17.22,21.83,28-Oct-2025
26950.0,17.84,0.0,28-Oct-2025
27000.0,18.69,25.65,28-Oct-2025
27050.0,19.11,0.0,28-Oct-2025
27100.0,19.77,0.0,28-Oct-2025
27150.0,20.06,0.0,28-Oct-2025
27200.0,20.78,38.79,28-Oct-2025
27250.0,21.35,0.0,28-Oct-2025
27300.0,21.35,0.0,28-Oct-2025
27350.0,22.35,0.0,28-Oct-2025
27400.0,22.69,27.55,28-Oct-2025
27450.0,23.09,0.0,28-Oct-2025
27500.0,24.02,46.42,28-Oct-2025
27550.0,24.42,0.0,28-Oct-2025
27600.0,25.02,0.0,28-Oct-2025
27650.0,25.63,0.0,28-Oct-2025
