ticker,days,green,red,doji,green_pct,red_pct,doji_pct,gap_up,gap_down,gap_up_pct,gap_down_pct,gap_above_prev_high,gap_below_prev_low,gap_above_prev_high_pct,gap_below_prev_low_pct,open_equal_high,open_equal_low,open_equal_high_pct,open_equal_low_pct,sustained_gap_up,sustained_gap_down,sustained_gap_up_pct,sustained_gap_down_pct
360ONE,248,119,128,1,47.98,51.61,0.4,112,77,45.16,31.05,19,20,7.66,8.06,16,13,6.45,5.24,47,38,41.96,49.35
3MINDIA,249,100,147,2,40.16,59.04,0.8,122,61,49.0,24.5,20,9,8.03,3.61,28,9,11.24,3.61,44,28,36.07,45.9
AADHARHFC,249,108,138,3,43.37,55.42,1.2,115,59,46.18,23.69,32,15,12.85,6.02,17,11,6.83,4.42,45,25,39.13,42.37
AARTIIND,250,100,146,4,40.0,58.4,1.6,126,47,50.4,18.8,30,12,12.0,4.8,16,5,6.4,2.0,50,29,39.68,61.7
AAVAS,249,109,137,3,43.78,55.02,1.2,110,74,44.18,29.72,16,18,6.43,7.23,26,21,10.44,8.43,42,38,38.18,51.35
ABB,249,111,135,3,44.58,54.22,1.2,119,53,47.79,21.29,33,10,13.25,4.02,18,12,7.23,4.82,50,27,42.02,50.94
ABBOTINDIA,249,98,147,4,39.36,59.04,1.61,134,42,53.82,16.87,21,10,8.43,4.02,27,10,10.84,4.02,51,22,38.06,52.38
ABCAPITAL,250,128,119,3,51.2,47.6,1.2,106,63,42.4,25.2,30,17,12.0,6.8,13,13,5.2,5.2,50,31,47.17,49.21
ABFRL,250,116,130,4,46.4,52.0,1.6,120,62,48.0,24.8,13,13,5.2,5.2,17,12,6.8,4.8,56,33,46.67,53.23
ABLBL,140,57,83,0,40.71,59.29,0.0,61,40,43.57,28.57,13,4,9.29,2.86,13,2,9.29,1.43,23,22,37.7,55.0
ABREL,250,103,144,3,41.2,57.6,1.2,103,66,41.2,26.4,12,9,4.8,3.6,16,15,6.4,6.0,48,42,46.6,63.64
ABSLAMC,250,106,141,3,42.4,56.4,1.2,111,56,44.4,22.4,30,20,12.0,8.0,18,14,7.2,5.6,47,29,42.34,51.79
ACC,250,107,139,4,42.8,55.6,1.6,135,43,54.0,17.2,33,7,13.2,2.8,19,9,7.6,3.6,56,26,41.48,60.47
ACE,250,97,150,3,38.8,60.0,1.2,136,52,54.4,20.8,23,15,9.2,6.0,24,9,9.6,3.6,51,26,37.5,50.0
ACMESOLAR,249,96,149,4,38.55,59.84,1.61,137,59,55.02,23.69,29,11,11.65,4.42,23,11,9.24,4.42,53,37,38.69,62.71
ADANIENSOL,248,113,135,0,45.56,54.44,0.0,162,41,65.32,16.53,16,12,6.45,4.84,13,3,5.24,1.21,70,19,43.21,46.34
ADANIENT,250,100,147,3,40.0,58.8,1.2,139,44,55.6,17.6,33,14,13.2,5.6,16,5,6.4,2.0,55,27,39.57,61.36
ADANIGREEN,250,102,145,3,40.8,58.0,1.2,149,38,59.6,15.2,30,12,12.0,4.8,12,13,4.8,5.2,62,27,41.61,71.05
ADANIPORTS,250,106,139,5,42.4,55.6,2.0,126,44,50.4,17.6,29,13,11.6,5.2,16,8,6.4,3.2,49,22,38.89,50.0
ADANIPOWER,250,93,154,3,37.2,61.6,1.2,145,47,58.0,18.8,24,11,9.6,4.4,11,9,4.4,3.6,47,28,32.41,59.57
AEGISLOG,248,104,144,0,41.94,58.06,0.0,127,68,51.21,27.42,8,7,3.23,2.82,9,9,3.63,3.63,48,38,37.8,55.88
AEGISVOPAK,157,70,86,1,44.59,54.78,0.64,63,57,40.13,36.31,16,6,10.19,3.82,14,6,8.92,3.82,28,30,44.44,52.63
AFCONS,250,106,141,3,42.4,56.4,1.2,115,80,46.0,32.0,20,19,8.0,7.6,17,21,6.8,8.4,37,39,32.17,48.75
AFFLE,249,121,125,3,48.59,50.2,1.2,109,80,43.78,32.13,17,15,6.83,6.02,17,10,6.83,4.02,43,32,39.45,40.0
AGARWALEYE,234,124,107,3,52.99,45.73,1.28,66,93,28.21,39.74,18,14,7.69,5.98,27,17,11.54,7.26,27,30,40.91,32.26
AIAENG,249,119,127,3,47.79,51.0,1.2,103,66,41.37,26.51,23,16,9.24,6.43,18,14,7.23,5.62,43,24,41.75,36.36
AIIL,248,120,128,0,48.39,51.61,0.0,110,85,44.35,34.27,30,11,12.1,4.44,21,19,8.47,7.66,55,49,50.0,57.65
AJANTPHARM,248,114,133,1,45.97,53.63,0.4,112,76,45.16,30.65,22,13,8.87,5.24,17,13,6.85,5.24,52,43,46.43,56.58
AKUMS,247,97,149,1,39.27,60.32,0.4,118,77,47.77,31.17,19,12,7.69,4.86,30,12,12.15,4.86,48,44,40.68,57.14
AKZOINDIA,249,95,152,2,38.15,61.04,0.8,123,58,49.4,23.29,15,9,6.02,3.61,35,10,14.06,4.02,38,28,30.89,48.28
ALKEM,250,115,132,3,46.0,52.8,1.2,111,66,44.4,26.4,33,14,13.2,5.6,23,14,9.2,5.6,44,30,39.64,45.45
ALKYLAMINE,248,108,139,1,43.55,56.05,0.4,95,80,38.31,32.26,16,13,6.45,5.24,11,14,4.44,5.65,40,41,42.11,51.25
ALOKINDS,250,91,152,7,36.4,60.8,2.8,106,56,42.4,22.4,16,21,6.4,8.4,18,11,7.2,4.4,35,39,33.02,69.64
AMBER,250,122,125,3,48.8,50.0,1.2,128,71,51.2,28.4,17,9,6.8,3.6,15,12,6.0,4.8,63,37,49.22,52.11
AMBUJACEM,250,101,144,5,40.4,57.6,2.0,126,49,50.4,19.6,39,7,15.6,2.8,17,11,6.8,4.4,51,26,40.48,53.06
ANANDRATHI,250,123,124,3,49.2,49.6,1.2,107,72,42.8,28.8,25,12,10.0,4.8,24,13,9.6,5.2,51,35,47.66,48.61
ANANTRAJ,250,106,141,3,42.4,56.4,1.2,147,52,58.8,20.8,21,19,8.4,7.6,19,10,7.6,4.0,58,26,39.46,50.0
ANGELONE,250,122,125,3,48.8,50.0,1.2,109,77,43.6,30.8,25,15,10.0,6.0,13,10,5.2,4.0,54,42,49.54,54.55
APARINDS,250,106,141,3,42.4,56.4,1.2,125,65,50.0,26.0,30,12,12.0,4.8,23,11,9.2,4.4,46,34,36.8,52.31
APLAPOLLO,249,122,125,2,49.0,50.2,0.8,98,73,39.36,29.32,32,9,12.85,3.61,21,12,8.43,4.82,36,22,36.73,30.14
APLLTD,249,114,132,3,45.78,53.01,1.2,86,97,34.54,38.96,17,14,6.83,5.62,20,16,8.03,6.43,39,52,45.35,53.61
APOLLOHOSP,250,122,125,3,48.8,50.0,1.2,97,65,38.8,26.0,35,28,14.0,11.2,16,20,6.4,8.0,43,31,44.33,47.69
APOLLOTYRE,250,107,139,4,42.8,55.6,1.6,136,51,54.4,20.4,18,11,7.2,4.4,12,9,4.8,3.6,55,25,40.44,49.02
APTUS,250,109,135,6,43.6,54.0,2.4,123,52,49.2,20.8,34,15,13.6,6.0,27,12,10.8,4.8,52,30,42.28,57.69
ARE&M,248,100,148,0,40.32,59.68,0.0,121,56,48.79,22.58,24,12,9.68,4.84,13,7,5.24,2.82,48,32,39.67,57.14
ASAHIINDIA,249,130,117,2,52.21,46.99,0.8,114,76,45.78,30.52,20,16,8.03,6.43,21,11,8.43,4.42,53,30,46.49,39.47
ASHOKLEY,250,121,124,5,48.4,49.6,2.0,123,53,49.2,21.2,28,18,11.2,7.2,9,10,3.6,4.0,57,25,46.34,47.17
ASIANPAINT,250,122,125,3,48.8,50.0,1.2,86,70,34.4,28.0,22,23,8.8,9.2,7,13,2.8,5.2,39,33,45.35,47.14
ASTERDM,249,104,143,2,41.77,57.43,0.8,128,64,51.41,25.7,19,15,7.63,6.02,23,9,9.24,3.61,47,33,36.72,51.56
ASTRAL,250,118,128,4,47.2,51.2,1.6,105,72,42.0,28.8,31,15,12.4,6.0,17,16,6.8,6.4,46,35,43.81,48.61
ASTRAZEN,248,124,123,1,50.0,49.6,0.4,96,89,38.71,35.89,18,14,7.26,5.65,17,14,6.85,5.65,41,38,42.71,42.7
ATGL,250,92,154,4,36.8,61.6,1.6,156,46,62.4,18.4,20,11,8.0,4.4,16,9,6.4,3.6,52,24,33.33,52.17
ATHERENERG,177,87,88,2,49.15,49.72,1.13,98,43,55.37,24.29,12,4,6.78,2.26,14,7,7.91,3.95,45,18,45.92,41.86
ATUL,250,103,143,4,41.2,57.2,1.6,120,67,48.0,26.8,25,9,10.0,3.6,21,13,8.4,5.2,48,31,40.0,46.27
AUBANK,249,118,129,2,47.39,51.81,0.8,105,71,42.17,28.51,31,14,12.45,5.62,17,15,6.83,6.02,38,32,36.19,45.07
AUROPHARMA,249,116,131,2,46.59,52.61,0.8,120,65,48.19,26.1,27,18,10.84,7.23,14,12,5.62,4.82,52,35,43.33,53.85
AWL,249,102,145,2,40.96,58.23,0.8,116,70,46.59,28.11,23,9,9.24,3.61,17,8,6.83,3.21,41,39,35.34,55.71
AXISBANK,250,128,118,4,51.2,47.2,1.6,94,81,37.6,32.4,27,25,10.8,10.0,15,10,6.0,4.0,44,41,46.81,50.62
BAJAJ-AUTO,250,120,127,3,48.0,50.8,1.2,118,59,47.2,23.6,29,16,11.6,6.4,23,11,9.2,4.4,53,29,44.92,49.15
BAJAJFINSV,250,119,127,4,47.6,50.8,1.6,108,72,43.2,28.8,25,15,10.0,6.0,13,12,5.2,4.8,50,34,46.3,47.22
BAJAJHFL,250,94,152,4,37.6,60.8,1.6,103,60,41.2,24.0,21,30,8.4,12.0,7,13,2.8,5.2,34,30,33.01,50.0
BAJAJHLDNG,249,96,150,3,38.55,60.24,1.2,142,50,57.03,20.08,28,6,11.24,2.41,22,15,8.84,6.02,57,34,40.14,68.0
BAJFINANCE,250,127,120,3,50.8,48.0,1.2,78,95,31.2,38.0,27,27,10.8,10.8,12,19,4.8,7.6,37,49,47.44,51.58
BALKRISIND,250,101,145,4,40.4,58.0,1.6,121,65,48.4,26.0,25,15,10.0,6.0,24,12,9.6,4.8,40,34,33.06,52.31
BALRAMCHIN,249,109,137,3,43.78,55.02,1.2,108,65,43.37,26.1,22,11,8.84,4.42,22,20,8.84,8.03,45,36,41.67,55.38
BANDHANBNK,250,119,128,3,47.6,51.2,1.2,113,68,45.2,27.2,25,15,10.0,6.0,13,17,5.2,6.8,47,32,41.59,47.06
BANKBARODA,250,117,130,3,46.8,52.0,1.2,102,70,40.8,28.0,27,22,10.8,8.8,14,22,5.6,8.8,43,31,42.16,44.29
BANKINDIA,250,119,128,3,47.6,51.2,1.2,128,49,51.2,19.6,33,14,13.2,5.6,14,11,5.6,4.4,61,25,47.66,51.02
BASF,249,89,158,2,35.74,63.45,0.8,128,60,51.41,24.1,22,12,8.84,4.82,31,12,12.45,4.82,36,30,28.12,50.0
BATAINDIA,250,90,157,3,36.0,62.8,1.2,126,53,50.4,21.2,26,15,10.4,6.0,23,14,9.2,5.6,48,36,38.1,67.92
BAYERCROP,249,101,146,2,40.56,58.63,0.8,125,55,50.2,22.09,28,14,11.24,5.62,30,7,12.05,2.81,46,27,36.8,49.09
BBTC,249,96,151,2,38.55,60.64,0.8,137,62,55.02,24.9,20,14,8.03,5.62,23,19,9.24,7.63,52,35,37.96,56.45
BDL,250,116,131,3,46.4,52.4,1.2,107,77,42.8,30.8,32,13,12.8,5.2,10,12,4.0,4.8,49,44,45.79,57.14
BEL,250,113,133,4,45.2,53.2,1.6,108,47,43.2,18.8,48,18,19.2,7.2,14,11,5.6,4.4,50,21,46.3,44.68
BEML,250,104,143,3,41.6,57.2,1.2,146,57,58.4,22.8,16,13,6.4,5.2,11,14,4.4,5.6,61,33,41.78,57.89
BERGEPAINT,249,125,122,2,50.2,49.0,0.8,78,94,31.33,37.75,14,23,5.62,9.24,9,17,3.61,6.83,41,49,52.56,52.13
BHARATFORG,250,113,134,3,45.2,53.6,1.2,111,70,44.4,28.0,32,15,12.8,6.0,23,15,9.2,6.0,47,34,42.34,48.57
BHARTIARTL,250,122,125,3,48.8,50.0,1.2,101,72,40.4,28.8,39,27,15.6,10.8,17,13,6.8,5.2,52,30,51.49,41.67
BHARTIHEXA,248,126,121,1,50.81,48.79,0.4,90,97,36.29,39.11,14,18,5.65,7.26,19,9,7.66,3.63,43,41,47.78,42.27
BHEL,250,120,127,3,48.0,50.8,1.2,112,56,44.8,22.4,28,16,11.2,6.4,11,11,4.4,4.4,53,27,47.32,48.21
BIKAJI,250,109,138,3,43.6,55.2,1.2,113,69,45.2,27.6,14,17,5.6,6.8,24,12,9.6,4.8,38,33,33.63,47.83
BIOCON,250,120,125,5,48.0,50.0,2.0,113,52,45.2,20.8,31,17,12.4,6.8,17,18,6.8,7.2,60,27,53.1,51.92
BLS,250,98,147,5,39.2,58.8,2.0,134,62,53.6,24.8,19,17,7.6,6.8,12,11,4.8,4.4,51,35,38.06,56.45
BLUEDART,248,99,148,1,39.92,59.68,0.4,90,41,36.29,16.53,24,14,9.68,5.65,36,13,14.52,5.24,36,23,40.0,56.1
BLUEJET,250,104,141,5,41.6,56.4,2.0,111,62,44.4,24.8,30,17,12.0,6.8,27,13,10.8,5.2,54,36,48.65,58.06
BLUESTARCO,249,121,126,2,48.59,50.6,0.8,112,79,44.98,31.73,18,15,7.23,6.02,16,13,6.43,5.22,44,30,39.29,37.97
BOSCHLTD,248,115,131,2,46.37,52.82,0.81,127,57,51.21,22.98,20,12,8.06,4.84,22,11,8.87,4.44,56,30,44.09,52.63
BPCL,250,110,137,3,44.0,54.8,1.2,107,64,42.8,25.6,34,14,13.6,5.6,18,16,7.2,6.4,42,30,39.25,46.88
BRIGADE,250,99,148,3,39.6,59.2,1.2,124,64,49.6,25.6,27,10,10.8,4.0,20,7,8.0,2.8,50,39,40.32,60.94
BRITANNIA,249,128,119,2,51.41,47.79,0.8,106,56,42.57,22.49,28,17,11.24,6.83,20,12,8.03,4.82,55,17,51.89,30.36
BSE,250,113,134,3,45.2,53.6,1.2,138,39,55.2,15.6,41,15,16.4,6.0,14,7,5.6,2.8,59,16,42.75,41.03
BSOFT,250,112,134,4,44.8,53.6,1.6,131,55,52.4,22.0,26,17,10.4,6.8,20,14,8.0,5.6,55,28,41.98,50.91
CAMPUS,249,123,121,5,49.4,48.59,2.01,99,96,39.76,38.55,13,14,5.22,5.62,21,10,8.43,4.02,43,37,43.43,38.54
CAMS,250,108,138,4,43.2,55.2,1.6,124,48,49.6,19.2,31,17,12.4,6.8,14,11,5.6,4.4,53,28,42.74,58.33
CANBK,250,120,127,3,48.0,50.8,1.2,119,55,47.6,22.0,43,12,17.2,4.8,10,12,4.0,4.8,55,24,46.22,43.64
CANFINHOME,249,121,126,2,48.59,50.6,0.8,105,69,42.17,27.71,31,17,12.45,6.83,17,20,6.83,8.03,51,40,48.57,57.97
CAPLIPOINT,250,111,136,3,44.4,54.4,1.2,114,69,45.6,27.6,12,17,4.8,6.8,16,17,6.4,6.8,45,38,39.47,55.07
CARBORUNIV,248,94,152,2,37.9,61.29,0.81,112,76,45.16,30.65,12,17,4.84,6.85,18,14,7.26,5.65,43,48,38.39,63.16
CASTROLIND,250,112,135,3,44.8,54.0,1.2,115,65,46.0,26.0,23,13,9.2,5.2,17,9,6.8,3.6,45,30,39.13,46.15
CCL,249,111,135,3,44.58,54.22,1.2,118,68,47.39,27.31,19,11,7.63,4.42,25,14,10.04,5.62,48,37,40.68,54.41
CDSL,250,107,140,3,42.8,56.0,1.2,112,68,44.8,27.2,29,21,11.6,8.4,11,13,4.4,5.2,49,38,43.75,55.88
CEATLTD,250,110,137,3,44.0,54.8,1.2,125,60,50.0,24.0,21,9,8.4,3.6,21,11,8.4,4.4,50,26,40.0,43.33
CENTRALBK,250,97,149,4,38.8,59.6,1.6,125,55,50.0,22.0,27,13,10.8,5.2,21,14,8.4,5.6,48,33,38.4,60.0
CENTURYPLY,249,117,129,3,46.99,51.81,1.2,68,98,27.31,39.36,18,13,7.23,5.22,23,19,9.24,7.63,17,44,25.0,44.9
CERA,249,99,148,2,39.76,59.44,0.8,101,79,40.56,31.73,22,8,8.84,3.21,35,11,14.06,4.42,33,41,32.67,51.9
CESC,249,114,133,2,45.78,53.41,0.8,118,54,47.39,21.69,33,13,13.25,5.22,12,13,4.82,5.22,59,28,50.0,51.85
CGCL,250,101,145,4,40.4,58.0,1.6,143,59,57.2,23.6,20,10,8.0,4.0,18,13,7.2,5.2,49,33,34.27,55.93
CGPOWER,250,109,138,3,43.6,55.2,1.2,102,65,40.8,26.0,34,14,13.6,5.6,17,10,6.8,4.0,40,36,39.22,55.38
CHALET,249,119,128,2,47.79,51.41,0.8,106,82,42.57,32.93,19,10,7.63,4.02,12,15,4.82,6.02,50,40,47.17,48.78
CHAMBLFERT,250,111,135,4,44.4,54.0,1.6,114,75,45.6,30.0,24,10,9.6,4.0,14,9,5.6,3.6,43,33,37.72,44.0
CHENNPETRO,250,120,127,3,48.0,50.8,1.2,114,73,45.6,29.2,15,13,6.0,5.2,10,20,4.0,8.0,59,41,51.75,56.16
CHOICEIN,250,98,149,3,39.2,59.6,1.2,158,48,63.2,19.2,33,2,13.2,0.8,11,7,4.4,2.8,61,30,38.61,62.5
CHOLAFIN,250,118,129,3,47.2,51.6,1.2,112,77,44.8,30.8,24,17,9.6,6.8,21,14,8.4,5.6,50,39,44.64,50.65
CHOLAHLDNG,248,112,135,1,45.16,54.44,0.4,109,80,43.95,32.26,18,11,7.26,4.44,32,10,12.9,4.03,46,39,42.2,48.75
CIPLA,250,130,117,3,52.0,46.8,1.2,92,80,36.8,32.0,18,19,7.2,7.6,14,15,5.6,6.0,52,35,56.52,43.75
CLEAN,250,100,145,5,40.0,58.0,2.0,122,65,48.8,26.0,22,12,8.8,4.8,20,7,8.0,2.8,43,36,35.25,55.38
COALINDIA,250,121,126,3,48.4,50.4,1.2,112,56,44.8,22.4,31,15,12.4,6.0,11,10,4.4,4.0,54,26,48.21,46.43
COCHINSHIP,250,99,145,6,39.6,58.0,2.4,147,38,58.8,15.2,23,15,9.2,6.0,8,13,3.2,5.2,58,24,39.46,63.16
COFORGE,250,120,127,3,48.0,50.8,1.2,112,48,44.8,19.2,45,23,18.0,9.2,17,10,6.8,4.0,54,22,48.21,45.83
COHANCE,173,64,109,0,36.99,63.01,0.0,68,59,39.31,34.1,7,9,4.05,5.2,19,5,10.98,2.89,23,38,33.82,64.41
COLPAL,250,110,136,4,44.0,54.4,1.6,110,63,44.0,25.2,18,20,7.2,8.0,23,11,9.2,4.4,45,24,40.91,38.1
CONCOR,250,112,135,3,44.8,54.0,1.2,130,49,52.0,19.6,35,15,14.0,6.0,22,11,8.8,4.4,57,28,43.85,57.14
CONCORDBIO,249,103,144,2,41.37,57.83,0.8,113,60,45.38,24.1,22,17,8.84,6.83,35,9,14.06,3.61,46,34,40.71,56.67
COROMANDEL,250,119,128,3,47.6,51.2,1.2,126,55,50.4,22.0,21,9,8.4,3.6,18,7,7.2,2.8,63,29,50.0,52.73
CRAFTSMAN,250,114,133,3,45.6,53.2,1.2,122,74,48.8,29.6,17,11,6.8,4.4,28,23,11.2,9.2,50,38,40.98,51.35
CREDITACC,250,135,112,3,54.0,44.8,1.2,90,102,36.0,40.8,8,18,3.2,7.2,11,17,4.4,6.8,46,50,51.11,49.02
CRISIL,249,105,142,2,42.17,57.03,0.8,127,60,51.0,24.1,26,9,10.44,3.61,22,9,8.84,3.61,55,36,43.31,60.0
CROMPTON,250,94,153,3,37.6,61.2,1.2,119,49,47.6,19.6,36,15,14.4,6.0,27,9,10.8,3.6,43,28,36.13,57.14
CUB,250,132,115,3,52.8,46.0,1.2,83,95,33.2,38.0,30,11,12.0,4.4,14,15,5.6,6.0,43,44,51.81,46.32
CUMMINSIND,250,125,122,3,50.0,48.8,1.2,130,51,52.0,20.4,27,12,10.8,4.8,20,12,8.0,4.8,64,24,49.23,47.06
CYIENT,250,99,147,4,39.6,58.8,1.6,114,57,45.6,22.8,26,18,10.4,7.2,15,12,6.0,4.8,46,36,40.35,63.16
DABUR,250,120,126,4,48.0,50.4,1.6,98,71,39.2,28.4,31,18,12.4,7.2,18,13,7.2,5.2,43,37,43.88,52.11
DALBHARAT,248,112,134,2,45.16,54.03,0.81,85,76,34.27,30.65,34,19,13.71,7.66,13,20,5.24,8.06,29,35,34.12,46.05
DATAPATTNS,250,119,128,3,47.6,51.2,1.2,118,72,47.2,28.8,17,15,6.8,6.0,14,15,5.6,6.0,60,39,50.85,54.17
DBREALTY,250,89,157,4,35.6,62.8,1.6,149,50,59.6,20.0,26,10,10.4,4.0,23,15,9.2,6.0,47,30,31.54,60.0
DCMSHRIRAM,249,109,136,4,43.78,54.62,1.61,100,78,40.16,31.33,18,14,7.23,5.62,16,19,6.43,7.63,35,36,35.0,46.15
DEEPAKFERT,250,116,131,3,46.4,52.4,1.2,124,63,49.6,25.2,18,14,7.2,5.6,14,12,5.6,4.8,55,35,44.35,55.56
DEEPAKNTR,250,93,154,3,37.2,61.6,1.2,118,60,47.2,24.0,21,16,8.4,6.4,17,14,6.8,5.6,33,35,27.97,58.33
DELHIVERY,250,123,123,4,49.2,49.2,1.6,103,67,41.2,26.8,29,15,11.6,6.0,12,9,4.8,3.6,43,37,41.75,55.22
DEVYANI,250,92,154,4,36.8,61.6,1.6,119,55,47.6,22.0,23,13,9.2,5.2,21,8,8.4,3.2,39,31,32.77,56.36
DIVISLAB,250,120,127,3,48.0,50.8,1.2,112,68,44.8,27.2,27,15,10.8,6.0,17,13,6.8,5.2,48,32,42.86,47.06
DIXON,250,114,133,3,45.6,53.2,1.2,122,53,48.8,21.2,34,15,13.6,6.0,14,8,5.6,3.2,51,25,41.8,47.17
DLF,250,107,139,4,42.8,55.6,1.6,114,61,45.6,24.4,31,16,12.4,6.4,12,7,4.8,2.8,59,40,51.75,65.57
DMART,250,110,137,3,44.0,54.8,1.2,126,45,50.4,18.0,27,10,10.8,4.0,17,14,6.8,5.6,52,25,41.27,55.56
DOMS,250,110,137,3,44.0,54.8,1.2,100,84,40.0,33.6,23,12,9.2,4.8,29,15,11.6,6.0,35,40,35.0,47.62
DRREDDY,250,129,117,4,51.6,46.8,1.6,90,74,36.0,29.6,33,14,13.2,5.6,23,13,9.2,5.2,50,37,55.56,50.0
ECLERX,250,117,130,3,46.8,52.0,1.2,98,95,39.2,38.0,21,10,8.4,4.0,25,19,10.0,7.6,44,53,44.9,55.79
EICHERMOT,250,121,126,3,48.4,50.4,1.2,106,65,42.4,26.0,31,22,12.4,8.8,16,17,6.4,6.8,56,29,52.83,44.62
EIDPARRY,250,127,120,3,50.8,48.0,1.2,97,84,38.8,33.6,17,17,6.8,6.8,11,20,4.4,8.0,48,35,49.48,41.67
EIHOTEL,249,103,144,2,41.37,57.83,0.8,107,67,42.97,26.91,25,21,10.04,8.43,23,17,9.24,6.83,35,33,32.71,49.25
ELECON,249,107,140,2,42.97,56.22,0.8,123,60,49.4,24.1,22,14,8.84,5.62,11,11,4.42,4.42,47,29,38.21,48.33
ELGIEQUIP,250,102,145,3,40.8,58.0,1.2,136,60,54.4,24.0,19,14,7.6,5.6,25,20,10.0,8.0,55,33,40.44,55.0
EMAMILTD,250,105,142,3,42.0,56.8,1.2,113,67,45.2,26.8,24,11,9.6,4.4,22,9,8.8,3.6,41,34,36.28,50.75
EMCURE,247,113,134,0,45.75,54.25,0.0,110,64,44.53,25.91,29,23,11.74,9.31,27,22,10.93,8.91,41,24,37.27,37.5
ENDURANCE,250,105,142,3,42.0,56.8,1.2,129,60,51.6,24.0,14,17,5.6,6.8,16,16,6.4,6.4,54,33,41.86,55.0
ENGINERSIN,250,115,132,3,46.0,52.8,1.2,125,67,50.0,26.8,18,17,7.2,6.8,14,15,5.6,6.0,61,39,48.8,58.21
ENRIN,142,63,79,0,44.37,55.63,0.0,83,40,58.45,28.17,11,4,7.75,2.82,5,7,3.52,4.93,41,26,49.4,65.0
ERIS,249,114,132,3,45.78,53.01,1.2,97,71,38.96,28.51,17,25,6.83,10.04,19,19,7.63,7.63,32,30,32.99,42.25
ESCORTS,249,105,142,2,42.17,57.03,0.8,129,52,51.81,20.88,25,14,10.04,5.62,9,16,3.61,6.43,56,26,43.41,50.0
ETERNAL,248,138,110,0,55.65,44.35,0.0,87,79,35.08,31.85,25,39,10.08,15.73,16,20,6.45,8.06,44,35,50.57,44.3
EXIDEIND,250,120,126,4,48.0,50.4,1.6,89,67,35.6,26.8,29,23,11.6,9.2,11,15,4.4,6.0,37,28,41.57,41.79
FACT,249,107,140,2,42.97,56.22,0.8,134,72,53.82,28.92,14,12,5.62,4.82,9,12,3.61,4.82,58,42,43.28,58.33
FEDERALBNK,250,116,131,3,46.4,52.4,1.2,123,63,49.2,25.2,20,15,8.0,6.0,18,12,7.2,4.8,52,32,42.28,50.79
FINCABLES,250,90,157,3,36.0,62.8,1.2,136,46,54.4,18.4,32,13,12.8,5.2,19,15,7.6,6.0,45,30,33.09,65.22
FINPIPE,250,103,144,3,41.2,57.6,1.2,114,65,45.6,26.0,25,18,10.0,7.2,12,13,4.8,5.2,46,36,40.35,55.38
FIRSTCRY,248,86,161,1,34.68,64.92,0.4,143,50,57.66,20.16,18,11,7.26,4.44,22,10,8.87,4.03,42,32,29.37,64.0
FIVESTAR,250,102,145,3,40.8,58.0,1.2,132,63,52.8,25.2,19,12,7.6,4.8,22,13,8.8,5.2,45,30,34.09,47.62
FLUOROCHEM,249,111,136,2,44.58,54.62,0.8,94,87,37.75,34.94,11,11,4.42,4.42,20,10,8.03,4.02,43,40,45.74,45.98
FORCEMOT,250,118,129,3,47.2,51.6,1.2,137,42,54.8,16.8,31,6,12.4,2.4,13,12,5.2,4.8,59,20,43.07,47.62
FORTIS,250,118,129,3,47.2,51.6,1.2,126,54,50.4,21.6,31,10,12.4,4.0,16,13,6.4,5.2,63,28,50.0,51.85
FSL,250,112,135,3,44.8,54.0,1.2,108,74,43.2,29.6,26,13,10.4,5.2,14,7,5.6,2.8,54,44,50.0,59.46
GAIL,250,119,128,3,47.6,51.2,1.2,92,81,36.8,32.4,26,24,10.4,9.6,15,17,6.0,6.8,38,39,41.3,48.15
GESHIP,250,121,125,4,48.4,50.0,1.6,118,73,47.2,29.2,23,14,9.2,5.6,19,14,7.6,5.6,59,40,50.0,54.79
GICRE,250,108,139,3,43.2,55.6,1.2,132,73,52.8,29.2,18,10,7.2,4.0,13,23,5.2,9.2,51,36,38.64,49.32
GILLETTE,250,99,147,4,39.6,58.8,1.6,147,50,58.8,20.0,15,7,6.0,2.8,28,14,11.2,5.6,49,23,33.33,46.0
GLAND,249,110,137,2,44.18,55.02,0.8,101,78,40.56,31.33,22,18,8.84,7.23,16,14,6.43,5.62,38,38,37.62,48.72
GLAXO,250,108,138,4,43.2,55.2,1.6,117,84,46.8,33.6,12,10,4.8,4.0,20,14,8.0,5.6,51,50,43.59,59.52
GLENMARK,250,130,117,3,52.0,46.8,1.2,100,81,40.0,32.4,18,18,7.2,7.2,20,20,8.0,8.0,40,29,40.0,35.8
GMDCLTD,250,113,134,3,45.2,53.6,1.2,140,64,56.0,25.6,18,12,7.2,4.8,5,8,2.0,3.2,61,34,43.57,53.12
GMRAIRPORT,250,119,128,3,47.6,51.2,1.2,107,65,42.8,26.0,31,22,12.4,8.8,13,13,5.2,5.2,48,28,44.86,43.08
GODFRYPHLP,250,104,142,4,41.6,56.8,1.6,129,54,51.6,21.6,30,14,12.0,5.6,20,10,8.0,4.0,49,31,37.98,57.41
GODIGIT,249,112,131,6,44.98,52.61,2.41,94,80,37.75,32.13,24,18,9.64,7.23,19,16,7.63,6.43,35,42,37.23,52.5
GODREJAGRO,250,100,147,3,40.0,58.8,1.2,119,61,47.6,24.4,24,12,9.6,4.8,24,17,9.6,6.8,43,32,36.13,52.46
GODREJCP,250,115,129,6,46.0,51.6,2.4,106,71,42.4,28.4,24,10,9.6,4.0,22,14,8.8,5.6,45,33,42.45,46.48
GODREJIND,250,119,127,4,47.6,50.8,1.6,98,77,39.2,30.8,21,13,8.4,5.2,20,13,8.0,5.2,38,29,38.78,37.66
GODREJPROP,250,107,140,3,42.8,56.0,1.2,113,67,45.2,26.8,29,19,11.6,7.6,9,15,3.6,6.0,44,31,38.94,46.27
GPIL,250,118,128,4,47.2,51.2,1.6,102,76,40.8,30.4,31,20,12.4,8.0,14,20,5.6,8.0,48,45,47.06,59.21
GRANULES,249,110,137,2,44.18,55.02,0.8,123,70,49.4,28.11,22,11,8.84,4.42,10,16,4.02,6.43,53,37,43.09,52.86
GRAPHITE,250,109,136,5,43.6,54.4,2.0,133,64,53.2,25.6,13,13,5.2,5.2,10,14,4.0,5.6,63,39,47.37,60.94
GRASIM,250,121,125,4,48.4,50.0,1.6,105,71,42.0,28.4,28,13,11.2,5.2,13,16,5.2,6.4,51,32,48.57,45.07
GRAVITA,249,93,154,2,37.35,61.85,0.8,137,61,55.02,24.5,17,8,6.83,3.21,15,13,6.02,5.22,51,38,37.23,62.3
GRSE,250,98,150,2,39.2,60.0,0.8,152,53,60.8,21.2,19,14,7.6,5.6,11,9,4.4,3.6,65,37,42.76,69.81
GSPL,250,104,143,3,41.6,57.2,1.2,98,83,39.2,33.2,18,11,7.2,4.4,21,22,8.4,8.8,37,44,37.76,53.01
GUJGASLTD,249,116,129,4,46.59,51.81,1.61,95,67,38.15,26.91,22,17,8.84,6.83,17,15,6.83,6.02,37,36,38.95,53.73
GVT&D,249,111,130,8,44.58,52.21,3.21,127,61,51.0,24.5,31,10,12.45,4.02,27,15,10.84,6.02,55,31,43.31,50.82
HAL,250,114,133,3,45.6,53.2,1.2,128,38,51.2,15.2,35,19,14.0,7.6,13,10,5.2,4.0,54,22,42.19,57.89
HAPPSTMNDS,250,95,150,5,38.0,60.0,2.0,107,60,42.8,24.0,21,23,8.4,9.2,19,15,7.6,6.0,44,43,41.12,71.67
HAVELLS,250,119,128,3,47.6,51.2,1.2,103,77,41.2,30.8,26,15,10.4,6.0,11,10,4.4,4.0,49,40,47.57,51.95
HBLENGINE,248,126,122,0,50.81,49.19,0.0,123,75,49.6,30.24,22,16,8.87,6.45,1,10,0.4,4.03,61,38,49.59,50.67
HCLTECH,250,122,125,3,48.8,50.0,1.2,94,67,37.6,26.8,25,31,10.0,12.4,14,10,5.6,4.0,47,34,50.0,50.75
HDFCAMC,250,113,132,5,45.2,52.8,2.0,113,72,45.2,28.8,26,16,10.4,6.4,21,13,8.4,5.2,52,40,46.02,55.56
HDFCBANK,250,133,111,6,53.2,44.4,2.4,72,76,28.8,30.4,42,49,16.8,19.6,21,28,8.4,11.2,39,29,54.17,38.16
HDFCLIFE,250,136,111,3,54.4,44.4,1.2,79,97,31.6,38.8,19,24,7.6,9.6,10,21,4.0,8.4,38,36,48.1,37.11
HEG,250,109,138,3,43.6,55.2,1.2,150,60,60.0,24.0,16,8,6.4,3.2,9,8,3.6,3.2,64,31,42.67,51.67
HEROMOTOCO,250,119,127,4,47.6,50.8,1.6,129,51,51.6,20.4,27,15,10.8,6.0,16,14,6.4,5.6,64,26,49.61,50.98
HEXT,221,103,118,0,46.61,53.39,0.0,93,70,42.08,31.67,23,11,10.41,4.98,21,2,9.5,0.9,43,36,46.24,51.43
HFCL,250,106,140,4,42.4,56.0,1.6,140,49,56.0,19.6,18,11,7.2,4.4,8,11,3.2,4.4,63,29,45.0,59.18
HINDALCO,250,123,123,4,49.2,49.2,1.6,112,60,44.8,24.0,40,20,16.0,8.0,18,13,7.2,5.2,62,33,55.36,55.0
HINDCOPPER,250,125,121,4,50.0,48.4,1.6,117,70,46.8,28.0,35,19,14.0,7.6,11,12,4.4,4.8,62,37,52.99,52.86
HINDPETRO,250,105,142,3,42.0,56.8,1.2,120,64,48.0,25.6,23,17,9.2,6.8,13,15,5.2,6.0,48,35,40.0,54.69
HINDUNILVR,250,115,132,3,46.0,52.8,1.2,111,78,44.4,31.2,22,11,8.8,4.4,22,16,8.8,6.4,49,39,44.14,50.0
HINDZINC,250,110,136,4,44.0,54.4,1.6,120,47,48.0,18.8,46,18,18.4,7.2,16,12,6.4,4.8,57,29,47.5,61.7
HOMEFIRST,249,116,131,2,46.59,52.61,0.8,127,70,51.0,28.11,17,12,6.83,4.82,17,17,6.83,6.83,61,38,48.03,54.29
HONASA,248,114,132,2,45.97,53.23,0.81,94,90,37.9,36.29,24,16,9.68,6.45,26,19,10.48,7.66,40,42,42.55,46.67
HONAUT,249,91,155,3,36.55,62.25,1.2,115,47,46.18,18.88,31,11,12.45,4.42,36,26,14.46,10.44,39,25,33.91,53.19
HSCL,250,105,142,3,42.0,56.8,1.2,135,65,54.0,26.0,18,15,7.2,6.0,6,16,2.4,6.4,58,35,42.96,53.85
HUDCO,250,112,135,3,44.8,54.0,1.2,132,57,52.8,22.8,24,16,9.6,6.4,7,10,2.8,4.0,54,27,40.91,47.37
HYUNDAI,250,125,122,3,50.0,48.8,1.2,106,78,42.4,31.2,23,13,9.2,5.2,14,13,5.6,5.2,50,40,47.17,51.28
ICICIBANK,250,117,128,5,46.8,51.2,2.0,78,84,31.2,33.6,35,39,14.0,15.6,15,21,6.0,8.4,32,37,41.03,44.05
ICICIGI,249,112,135,2,44.98,54.22,0.8,100,63,40.16,25.3,28,16,11.24,6.43,16,10,6.43,4.02,42,35,42.0,55.56
ICICIPRULI,250,119,128,3,47.6,51.2,1.2,100,69,40.0,27.6,31,12,12.4,4.8,16,14,6.4,5.6,43,31,43.0,44.93
IDBI,250,103,144,3,41.2,57.6,1.2,151,45,60.4,18.0,25,11,10.0,4.4,14,11,5.6,4.4,58,21,38.41,46.67
IDEA,250,104,136,10,41.6,54.4,4.0,129,41,51.6,16.4,22,15,8.8,6.0,14,12,5.6,4.8,55,23,42.64,56.1
IDFCFIRSTB,250,122,121,7,48.8,48.4,2.8,86,85,34.4,34.0,20,20,8.0,8.0,11,16,4.4,6.4,47,47,54.65,55.29
IEX,250,114,133,3,45.6,53.2,1.2,112,59,44.8,23.6,28,18,11.2,7.2,10,10,4.0,4.0,48,24,42.86,40.68
IFCI,250,101,146,3,40.4,58.4,1.2,132,58,52.8,23.2,19,21,7.6,8.4,14,17,5.6,6.8,59,41,44.7,70.69
IGIL,247,102,143,2,41.3,57.89,0.81,139,50,56.28,20.24,26,19,10.53,7.69,19,9,7.69,3.64,49,23,35.25,46.0
IGL,250,103,144,3,41.2,57.6,1.2,113,58,45.2,23.2,25,16,10.0,6.4,15,13,6.0,5.2,43,35,38.05,60.34
IIFL,250,120,126,4,48.0,50.4,1.6,126,61,50.4,24.4,24,16,9.6,6.4,17,13,6.8,5.2,58,33,46.03,54.1
IKS,248,104,143,1,41.94,57.66,0.4,122,76,49.19,30.65,23,10,9.27,4.03,26,11,10.48,4.44,45,41,36.89,53.95
INDGN,249,109,138,2,43.78,55.42,0.8,125,54,50.2,21.69,24,18,9.64,7.23,28,14,11.24,5.62,50,22,40.0,40.74
INDHOTEL,249,112,134,3,44.98,53.82,1.2,100,61,40.16,24.5,38,22,15.26,8.84,17,10,6.83,4.02,51,32,51.0,52.46
INDIACEM,248,122,121,5,49.19,48.79,2.02,86,96,34.68,38.71,9,20,3.63,8.06,12,11,4.84,4.44,33,37,38.37,38.54
INDIAMART,250,121,126,3,48.4,50.4,1.2,94,90,37.6,36.0,20,16,8.0,6.4,14,14,5.6,5.6,36,41,38.3,45.56
INDIANB,250,116,131,3,46.4,52.4,1.2,117,56,46.8,22.4,25,9,10.0,3.6,22,12,8.8,4.8,56,33,47.86,58.93
INDIGO,250,125,122,3,50.0,48.8,1.2,102,76,40.8,30.4,32,23,12.8,9.2,12,14,4.8,5.6,46,34,45.1,44.74
INDUSINDBK,250,131,116,3,52.4,46.4,1.2,109,72,43.6,28.8,22,17,8.8,6.8,11,14,4.4,5.6,54,27,49.54,37.5
INDUSTOWER,250,117,129,4,46.8,51.6,1.6,115,66,46.0,26.4,26,14,10.4,5.6,18,10,7.2,4.0,54,26,46.96,39.39
INFY,250,116,130,4,46.4,52.0,1.6,81,80,32.4,32.0,36,36,14.4,14.4,27,28,10.8,11.2,35,40,43.21,50.0
INOXINDIA,249,115,131,3,46.18,52.61,1.2,96,85,38.55,34.14,27,20,10.84,8.03,13,21,5.22,8.43,41,48,42.71,56.47
INOXWIND,250,108,136,6,43.2,54.4,2.4,135,54,54.0,21.6,28,12,11.2,4.8,9,13,3.6,5.2,62,30,45.93,55.56
INTELLECT,249,117,129,3,46.99,51.81,1.2,116,76,46.59,30.52,17,11,6.83,4.42,16,20,6.43,8.03,50,32,43.1,42.11
IOB,250,102,145,3,40.8,58.0,1.2,119,57,47.6,22.8,23,21,9.2,8.4,16,10,6.4,4.0,51,32,42.86,56.14
IOC,250,118,129,3,47.2,51.6,1.2,91,70,36.4,28.0,30,23,12.0,9.2,7,12,2.8,4.8,36,33,39.56,47.14
IPCALAB,250,106,140,4,42.4,56.0,1.6,125,69,50.0,27.6,16,16,6.4,6.4,15,8,6.0,3.2,55,43,44.0,62.32
IRB,250,91,154,5,36.4,61.6,2.0,116,61,46.4,24.4,28,15,11.2,6.0,19,14,7.6,5.6,41,41,35.34,67.21
IRCON,250,105,142,3,42.0,56.8,1.2,131,51,52.4,20.4,23,24,9.2,9.6,12,11,4.8,4.4,51,27,38.93,52.94
IRCTC,250,113,132,5,45.2,52.8,2.0,96,59,38.4,23.6,28,19,11.2,7.6,9,14,3.6,5.6,46,33,47.92,55.93
IREDA,250,95,151,4,38.0,60.4,1.6,129,47,51.6,18.8,28,16,11.2,6.4,10,11,4.0,4.4,47,29,36.43,61.7
IRFC,250,99,148,3,39.6,59.2,1.2,115,45,46.0,18.0,33,15,13.2,6.0,9,6,3.6,2.4,47,32,40.87,71.11
ITC,250,103,145,2,41.2,58.0,0.8,122,52,48.8,20.8,23,15,9.2,6.0,14,8,5.6,3.2,46,27,37.7,51.92
ITCHOTELS,237,98,139,0,41.35,58.65,0.0,139,52,58.65,21.94,15,14,6.33,5.91,20,5,8.44,2.11,44,24,31.65,46.15
ITI,250,89,157,4,35.6,62.8,1.6,135,52,54.0,20.8,27,17,10.8,6.8,20,17,8.0,6.8,45,31,33.33,59.62
J&KBANK,250,112,132,6,44.8,52.8,2.4,136,51,54.4,20.4,23,14,9.2,5.6,12,20,4.8,8.0,59,28,43.38,54.9
JBCHEPHARM,250,118,129,3,47.2,51.6,1.2,94,59,37.6,23.6,41,17,16.4,6.8,25,18,10.0,7.2,42,23,44.68,38.98
JBMA,250,103,144,3,41.2,57.6,1.2,103,88,41.2,35.2,17,20,6.8,8.0,11,16,4.4,6.4,45,53,43.69,60.23
JINDALSAW,250,100,147,3,40.0,58.8,1.2,139,53,55.6,21.2,21,14,8.4,5.6,16,9,6.4,3.6,61,38,43.88,71.7
JINDALSTEL,250,125,122,3,50.0,48.8,1.2,109,73,43.6,29.2,22,19,8.8,7.6,14,19,5.6,7.6,49,27,44.95,36.99
JIOFIN,248,116,132,0,46.77,53.23,0.0,119,48,47.98,19.35,31,27,12.5,10.89,6,12,2.42,4.84,52,22,43.7,45.83
JKCEMENT,249,123,124,2,49.4,49.8,0.8,98,83,39.36,33.33,16,9,6.43,3.61,17,16,6.83,6.43,44,35,44.9,42.17
JKTYRE,250,109,138,3,43.6,55.2,1.2,128,50,51.2,20.0,23,9,9.2,3.6,19,11,7.6,4.4,52,25,40.62,50.0
JMFINANCIL,250,117,130,3,46.8,52.0,1.2,132,56,52.8,22.4,19,14,7.6,5.6,12,13,4.8,5.2,60,29,45.45,51.79
JPPOWER,250,81,160,9,32.4,64.0,3.6,131,44,52.4,17.6,26,10,10.4,4.0,17,13,6.8,5.2,46,31,35.11,70.45
JSL,250,132,115,3,52.8,46.0,1.2,115,69,46.0,27.6,26,9,10.4,3.6,21,16,8.4,6.4,53,24,46.09,34.78
JSWCEMENT,105,36,67,2,34.29,63.81,1.9,59,20,56.19,19.05,8,4,7.62,3.81,10,5,9.52,4.76,26,13,44.07,65.0
JSWENERGY,250,117,130,3,46.8,52.0,1.2,122,69,48.8,27.6,22,16,8.8,6.4,13,12,5.2,4.8,56,37,45.9,53.62
JSWINFRA,248,99,147,2,39.92,59.27,0.81,135,47,54.44,18.95,26,16,10.48,6.45,15,8,6.05,3.23,54,32,40.0,68.09
JSWSTEEL,250,121,125,4,48.4,50.0,1.6,107,59,42.8,23.6,31,16,12.4,6.4,16,16,6.4,6.4,47,24,43.93,40.68
JUBLFOOD,250,112,134,4,44.8,53.6,1.6,92,56,36.8,22.4,22,19,8.8,7.6,22,9,8.8,3.6,36,29,39.13,51.79
JUBLINGREA,250,108,139,3,43.2,55.6,1.2,116,78,46.4,31.2,17,9,6.8,3.6,18,12,7.2,4.8,43,38,37.07,48.72
JUBLPHARMA,249,108,139,2,43.37,55.82,0.8,103,72,41.37,28.92,23,16,9.24,6.43,21,15,8.43,6.02,39,34,37.86,47.22
JWL,250,94,153,3,37.6,61.2,1.2,139,51,55.6,20.4,18,16,7.2,6.4,8,9,3.2,3.6,52,32,37.41,62.75
JYOTHYLAB,250,91,154,5,36.4,61.6,2.0,123,64,49.2,25.6,18,10,7.2,4.0,16,5,6.4,2.0,37,35,30.08,54.69
JYOTICNC,250,108,139,3,43.2,55.6,1.2,137,59,54.8,23.6,20,13,8.0,5.2,21,13,8.4,5.2,59,32,43.07,54.24
KAJARIACER,249,102,144,3,40.96,57.83,1.2,111,73,44.58,29.32,22,15,8.84,6.02,25,14,10.04,5.62,38,36,34.23,49.32
KALYANKJIL,249,112,133,4,44.98,53.41,1.61,129,71,51.81,28.51,14,12,5.62,4.82,15,10,6.02,4.02,54,36,41.86,50.7
KARURVYSYA,250,114,133,3,45.6,53.2,1.2,135,55,54.0,22.0,23,11,9.2,4.4,17,11,6.8,4.4,69,35,51.11,63.64
KAYNES,250,96,150,4,38.4,60.0,1.6,133,58,53.2,23.2,33,11,13.2,4.4,11,10,4.4,4.0,47,36,35.34,62.07
KEC,250,101,146,3,40.4,58.4,1.2,117,62,46.8,24.8,30,20,12.0,8.0,20,8,8.0,3.2,42,35,35.9,56.45
KEI,250,117,130,3,46.8,52.0,1.2,119,59,47.6,23.6,30,13,12.0,5.2,17,13,6.8,5.2,54,30,45.38,50.85
KFINTECH,250,112,135,3,44.8,54.0,1.2,124,52,49.6,20.8,26,19,10.4,7.6,22,13,8.8,5.2,47,26,37.9,50.0
KIMS,249,117,130,2,46.99,52.21,0.8,111,61,44.58,24.5,24,22,9.64,8.84,17,15,6.83,6.02,51,30,45.95,49.18
KIRLOSBROS,249,108,138,3,43.37,55.42,1.2,111,69,44.58,27.71,24,11,9.64,4.42,19,10,7.63,4.02,46,43,41.44,62.32
KIRLOSENG,250,109,138,3,43.6,55.2,1.2,116,75,46.4,30.0,18,13,7.2,5.2,13,15,5.2,6.0,45,38,38.79,50.67
KOTAKBANK,250,119,128,3,47.6,51.2,1.2,99,70,39.6,28.0,28,27,11.2,10.8,16,10,6.4,4.0,39,33,39.39,47.14
KPIL,248,103,144,1,41.53,58.06,0.4,115,62,46.37,25.0,28,12,11.29,4.84,17,11,6.85,4.44,49,38,42.61,61.29
KPITTECH,250,116,131,3,46.4,52.4,1.2,95,67,38.0,26.8,22,18,8.8,7.2,13,14,5.2,5.6,43,33,45.26,49.25
KPRMILL,250,117,130,3,46.8,52.0,1.2,106,82,42.4,32.8,19,18,7.6,7.2,15,11,6.0,4.4,38,33,35.85,40.24
KSB,250,111,136,3,44.4,54.4,1.2,124,64,49.6,25.6,25,15,10.0,6.0,20,14,8.0,5.6,52,34,41.94,53.12
LALPATHLAB,250,113,134,3,45.2,53.6,1.2,101,84,40.4,33.6,18,20,7.2,8.0,24,15,9.6,6.0,40,43,39.6,51.19
LATENTVIEW,250,112,134,4,44.8,53.6,1.6,122,65,48.8,26.0,13,13,5.2,5.2,18,21,7.2,8.4,54,37,44.26,56.92
LAURUSLABS,250,129,116,5,51.6,46.4,2.0,122,49,48.8,19.6,38,13,15.2,5.2,13,7,5.2,2.8,55,19,45.08,38.78
LEMONTREE,250,99,148,3,39.6,59.2,1.2,129,52,51.6,20.8,31,12,12.4,4.8,14,17,5.6,6.8,50,29,38.76,55.77
LICHSGFIN,249,105,138,6,42.17,55.42,2.41,122,59,49.0,23.69,33,11,13.25,4.42,12,12,4.82,4.82,49,30,40.16,50.85
LICI,250,126,121,3,50.4,48.4,1.2,93,71,37.2,28.4,22,20,8.8,8.0,14,18,5.6,7.2,38,34,40.86,47.89
LINDEINDIA,249,93,154,2,37.35,61.85,0.8,132,66,53.01,26.51,20,13,8.03,5.22,30,22,12.05,8.84,38,31,28.79,46.97
LLOYDSME,250,103,142,5,41.2,56.8,2.0,133,62,53.2,24.8,21,18,8.4,7.2,10,16,4.0,6.4,59,37,44.36,59.68
LODHA,250,105,142,3,42.0,56.8,1.2,126,48,50.4,19.2,31,17,12.4,6.8,15,13,6.0,5.2,47,18,37.3,37.5
LT,250,109,138,3,43.6,55.2,1.2,133,59,53.2,23.6,25,10,10.0,4.0,16,10,6.4,4.0,56,33,42.11,55.93
LTF,250,129,118,3,51.6,47.2,1.2,101,74,40.4,29.6,28,20,11.2,8.0,9,16,3.6,6.4,55,36,54.46,48.65
LTFOODS,248,110,138,0,44.35,55.65,0.0,129,74,52.02,29.84,17,11,6.85,4.44,9,7,3.63,2.82,57,41,44.19,55.41
LTIM,250,120,127,3,48.0,50.8,1.2,110,64,44.0,25.6,26,26,10.4,10.4,14,12,5.6,4.8,59,36,53.64,56.25
LTTS,250,107,139,4,42.8,55.6,1.6,111,53,44.4,21.2,35,23,14.0,9.2,29,10,11.6,4.0,49,31,44.14,58.49
LUPIN,250,109,138,3,43.6,55.2,1.2,122,50,48.8,20.0,39,12,15.6,4.8,22,10,8.8,4.0,54,26,44.26,52.0
M&M,250,117,129,4,46.8,51.6,1.6,94,77,37.6,30.8,32,23,12.8,9.2,11,13,4.4,5.2,38,33,40.43,42.86
M&MFIN,250,119,126,5,47.6,50.4,2.0,105,64,42.0,25.6,32,16,12.8,6.4,14,12,5.6,4.8,44,31,41.9,48.44
MAHABANK,250,106,141,3,42.4,56.4,1.2,129,53,51.6,21.2,25,18,10.0,7.2,13,17,5.2,6.8,53,28,41.09,52.83
MAHSCOOTER,248,109,135,4,43.95,54.44,1.61,132,48,53.23,19.35,23,13,9.27,5.24,28,23,11.29,9.27,49,25,37.12,52.08
MAHSEAMLES,250,112,135,3,44.8,54.0,1.2,115,74,46.0,29.6,11,22,4.4,8.8,13,16,5.2,6.4,50,39,43.48,52.7
MANAPPURAM,250,120,126,4,48.0,50.4,1.6,106,71,42.4,28.4,24,18,9.6,7.2,13,10,5.2,4.0,53,38,50.0,53.52
MANKIND,249,110,137,2,44.18,55.02,0.8,127,54,51.0,21.69,24,17,9.64,6.83,24,11,9.64,4.42,47,22,37.01,40.74
MANYAVAR,250,96,151,3,38.4,60.4,1.2,127,65,50.8,26.0,17,10,6.8,4.0,30,12,12.0,4.8,44,41,34.65,63.08
MAPMYINDIA,250,119,128,3,47.6,51.2,1.2,88,99,35.2,39.6,17,14,6.8,5.6,29,6,11.6,2.4,32,43,36.36,43.43
MARICO,250,118,129,3,47.2,51.6,1.2,102,63,40.8,25.2,31,20,12.4,8.0,19,12,7.6,4.8,41,30,40.2,47.62
MARUTI,250,122,124,4,48.8,49.6,1.6,111,76,44.4,30.4,24,14,9.6,5.6,19,15,7.6,6.0,57,42,51.35,55.26
MAXHEALTH,250,116,131,3,46.4,52.4,1.2,106,66,42.4,26.4,37,22,14.8,8.8,24,12,9.6,4.8,39,31,36.79,46.97
MAZDOCK,250,106,140,4,42.4,56.0,1.6,143,49,57.2,19.6,24,20,9.6,8.0,13,7,5.2,2.8,64,28,44.76,57.14
MCX,250,124,123,3,49.6,49.2,1.2,141,33,56.4,13.2,38,15,15.2,6.0,14,18,5.6,7.2,74,20,52.48,60.61
MEDANTA,249,113,134,2,45.38,53.82,0.8,98,66,39.36,26.51,27,17,10.84,6.83,17,16,6.83,6.43,38,35,38.78,53.03
METROPOLIS,248,113,133,2,45.56,53.63,0.81,88,83,35.48,33.47,24,19,9.68,7.66,26,12,10.48,4.84,36,48,40.91,57.83
MFSL,250,134,113,3,53.6,45.2,1.2,99,71,39.6,28.4,27,25,10.8,10.0,13,17,5.2,6.8,45,29,45.45,40.85
MGL,250,115,131,4,46.0,52.4,1.6,133,46,53.2,18.4,32,14,12.8,5.6,16,16,6.4,6.4,60,22,45.11,47.83
MINDACORP,250,109,137,4,43.6,54.8,1.6,114,63,45.6,25.2,24,22,9.6,8.8,19,20,7.6,8.0,45,34,39.47,53.97
MMTC,250,101,145,4,40.4,58.0,1.6,121,60,48.4,24.0,19,24,7.6,9.6,20,26,8.0,10.4,41,34,33.88,56.67
MOTHERSON,250,116,131,3,46.4,52.4,1.2,98,58,39.2,23.2,43,21,17.2,8.4,18,7,7.2,2.8,52,36,53.06,62.07
MOTILALOFS,250,114,132,4,45.6,52.8,1.6,140,63,56.0,25.2,20,10,8.0,4.0,19,13,7.6,5.2,59,30,42.14,47.62
MPHASIS,249,120,127,2,48.19,51.0,0.8,116,57,46.59,22.89,29,25,11.65,10.04,17,14,6.83,5.62,60,38,51.72,66.67
MRF,249,108,139,2,43.37,55.82,0.8,141,56,56.63,22.49,22,7,8.84,2.81,21,18,8.43,7.23,54,30,38.3,53.57
MRPL,250,102,143,5,40.8,57.2,2.0,149,46,59.6,18.4,21,16,8.4,6.4,16,11,6.4,4.4,63,26,42.28,56.52
MSUMI,250,104,142,4,41.6,56.8,1.6,97,49,38.8,19.6,35,16,14.0,6.4,20,13,8.0,5.2,35,31,36.08,63.27
MUTHOOTFIN,250,127,120,3,50.8,48.0,1.2,103,70,41.2,28.0,39,10,15.6,4.0,16,12,6.4,4.8,47,34,45.63,48.57
NAM-INDIA,250,122,125,3,48.8,50.0,1.2,125,63,50.0,25.2,19,20,7.6,8.0,10,16,4.0,6.4,59,32,47.2,50.79
NATCOPHARM,250,98,148,4,39.2,59.2,1.6,145,45,58.0,18.0,22,14,8.8,5.6,25,11,10.0,4.4,61,30,42.07,66.67
NATIONALUM,250,125,122,3,50.0,48.8,1.2,124,55,49.6,22.0,30,22,12.0,8.8,15,20,6.0,8.0,70,32,56.45,58.18
NAUKRI,250,112,135,3,44.8,54.0,1.2,118,64,47.2,25.6,19,20,7.6,8.0,23,15,9.2,6.0,55,40,46.61,62.5
NAVA,249,108,138,3,43.37,55.42,1.2,133,70,53.41,28.11,18,13,7.23,5.22,10,13,4.02,5.22,59,41,44.36,58.57
NAVINFLUOR,250,116,131,3,46.4,52.4,1.2,119,63,47.6,25.2,28,20,11.2,8.0,17,16,6.8,6.4,54,34,45.38,53.97
NBCC,250,113,134,3,45.2,53.6,1.2,116,61,46.4,24.4,25,24,10.0,9.6,15,14,6.0,5.6,51,32,43.97,52.46
NCC,250,101,145,4,40.4,58.0,1.6,101,60,40.4,24.0,23,19,9.2,7.6,10,11,4.0,4.4,40,31,39.6,51.67
NESTLEIND,250,122,124,4,48.8,49.6,1.6,95,79,38.0,31.6,21,15,8.4,6.0,15,16,6.0,6.4,40,36,42.11,45.57
NETWEB,250,113,134,3,45.2,53.6,1.2,135,58,54.0,23.2,19,19,7.6,7.6,12,13,4.8,5.2,58,33,42.96,56.9
NEULANDLAB,249,112,135,2,44.98,54.22,0.8,125,58,50.2,23.29,19,12,7.63,4.82,21,12,8.43,4.82,55,36,44.0,62.07
NEWGEN,249,89,157,3,35.74,63.05,1.2,122,59,49.0,23.69,22,19,8.84,7.63,23,9,9.24,3.61,45,41,36.89,69.49
NH,250,110,137,3,44.0,54.8,1.2,152,48,60.8,19.2,18,12,7.2,4.8,12,11,4.8,4.4,59,23,38.82,47.92
NHPC,250,115,132,3,46.0,52.8,1.2,118,59,47.2,23.6,29,17,11.6,6.8,9,10,3.6,4.0,49,28,41.53,47.46
NIACL,249,93,154,2,37.35,61.85,0.8,125,61,50.2,24.5,29,17,11.65,6.83,22,15,8.84,6.02,41,33,32.8,54.1
NIVABUPA,249,104,142,3,41.77,57.03,1.2,122,55,49.0,22.09,29,21,11.65,8.43,21,24,8.43,9.64,45,26,36.89,47.27
NLCINDIA,250,94,153,3,37.6,61.2,1.2,136,60,54.4,24.0,26,9,10.4,3.6,17,8,6.8,3.2,48,31,35.29,51.67
NMDC,250,123,124,3,49.2,49.6,1.2,115,49,46.0,19.6,47,18,18.8,7.2,15,8,6.0,3.2,50,24,43.48,48.98
NSLNISP,250,106,140,4,42.4,56.0,1.6,129,59,51.6,23.6,21,13,8.4,5.2,15,14,6.0,5.6,49,31,37.98,52.54
NTPC,250,117,128,5,46.8,51.2,2.0,116,52,46.4,20.8,25,15,10.0,6.0,17,11,6.8,4.4,59,26,50.86,50.0
NTPCGREEN,250,99,147,4,39.6,58.8,1.6,124,57,49.6,22.8,29,16,11.6,6.4,14,15,5.6,6.0,45,27,36.29,47.37
NUVAMA,248,109,139,0,43.95,56.05,0.0,129,66,52.02,26.61,17,14,6.85,5.65,18,7,7.26,2.82,61,45,47.29,68.18
NUVOCO,248,116,131,1,46.77,52.82,0.4,98,66,39.52,26.61,23,16,9.27,6.45,19,13,7.66,5.24,42,27,42.86,40.91
NYKAA,250,122,125,3,48.8,50.0,1.2,108,78,43.2,31.2,28,12,11.2,4.8,17,10,6.8,4.0,50,39,46.3,50.0
OBEROIRLTY,249,114,133,2,45.78,53.41,0.8,126,49,50.6,19.68,29,18,11.65,7.23,13,13,5.22,5.22,55,29,43.65,59.18
OFSS,249,98,148,3,39.36,59.44,1.2,128,58,51.41,23.29,29,22,11.65,8.84,18,9,7.23,3.61,48,38,37.5,65.52
OIL,250,121,125,4,48.4,50.0,1.6,108,57,43.2,22.8,41,13,16.4,5.2,21,9,8.4,3.6,49,26,45.37,45.61
OLAELEC,250,87,160,3,34.8,64.0,1.2,136,53,54.4,21.2,21,19,8.4,7.6,17,10,6.8,4.0,45,33,33.09,62.26
OLECTRA,250,98,148,4,39.2,59.2,1.6,130,74,52.0,29.6,12,16,4.8,6.4,10,16,4.0,6.4,47,49,36.15,66.22
ONESOURCE,242,112,126,4,46.28,52.07,1.65,73,114,30.17,47.11,18,17,7.44,7.02,22,15,9.09,6.2,30,59,41.1,51.75
ONGC,250,119,127,4,47.6,50.8,1.6,106,64,42.4,25.6,27,15,10.8,6.0,14,14,5.6,5.6,48,38,45.28,59.38
PAGEIND,248,103,144,1,41.53,58.06,0.4,121,74,48.79,29.84,20,8,8.06,3.23,40,13,16.13,5.24,45,35,37.19,47.3
PATANJALI,250,120,126,4,48.0,50.4,1.6,106,92,42.4,36.8,16,11,6.4,4.4,18,10,7.2,4.0,43,43,40.57,46.74
PAYTM,250,122,125,3,48.8,50.0,1.2,119,66,47.6,26.4,19,14,7.6,5.6,6,17,2.4,6.8,57,33,47.9,50.0
PCBL,250,102,144,4,40.8,57.6,1.6,124,63,49.6,25.2,23,12,9.2,4.8,15,12,6.0,4.8,46,33,37.1,52.38
PERSISTENT,249,108,138,3,43.37,55.42,1.2,118,56,47.39,22.49,34,22,13.65,8.84,16,16,6.43,6.43,48,30,40.68,53.57
PETRONET,250,113,134,3,45.2,53.6,1.2,111,55,44.4,22.0,17,19,6.8,7.6,13,11,5.2,4.4,47,26,42.34,47.27
PFC,250,109,137,4,43.6,54.8,1.6,110,62,44.0,24.8,29,14,11.6,5.6,14,12,5.6,4.8,46,34,41.82,54.84
PFIZER,249,106,141,2,42.57,56.63,0.8,107,72,42.97,28.92,24,20,9.64,8.03,20,14,8.03,5.62,31,32,28.97,44.44
PGEL,250,111,136,3,44.4,54.4,1.2,134,64,53.6,25.6,17,16,6.8,6.4,16,16,6.4,6.4,51,30,38.06,46.88
PGHH,249,97,150,2,38.96,60.24,0.8,107,49,42.97,19.68,31,8,12.45,3.21,43,11,17.27,4.42,36,19,33.64,38.78
PHOENIXLTD,250,129,118,3,51.6,47.2,1.2,101,87,40.4,34.8,19,16,7.6,6.4,15,11,6.0,4.4,44,33,43.56,37.93
PIDILITIND,250,114,133,3,45.6,53.2,1.2,94,64,37.6,25.6,24,24,9.6,9.6,17,20,6.8,8.0,42,38,44.68,59.38
PIIND,250,118,129,3,47.2,51.6,1.2,95,79,38.0,31.6,23,20,9.2,8.0,28,15,11.2,6.0,40,34,42.11,43.04
PNB,250,122,124,4,48.8,49.6,1.6,113,59,45.2,23.6,38,15,15.2,6.0,14,13,5.6,5.2,56,29,49.56,49.15
PNBHOUSING,250,117,130,3,46.8,52.0,1.2,125,56,50.0,22.4,30,9,12.0,3.6,15,6,6.0,2.4,59,25,47.2,44.64
POLICYBZR,250,121,126,3,48.4,50.4,1.2,96,80,38.4,32.0,23,16,9.2,6.4,21,15,8.4,6.0,39,39,40.62,48.75
POLYCAB,249,130,116,3,52.21,46.59,1.2,125,61,50.2,24.5,29,12,11.65,4.82,20,15,8.03,6.02,59,24,47.2,39.34
POLYMED,249,98,149,2,39.36,59.84,0.8,123,58,49.4,23.29,18,12,7.23,4.82,26,6,10.44,2.41,47,34,38.21,58.62
POONAWALLA,250,120,126,4,48.0,50.4,1.6,118,66,47.2,26.4,20,14,8.0,5.6,16,18,6.4,7.2,54,30,45.76,45.45
POWERGRID,250,116,128,6,46.4,51.2,2.4,105,77,42.0,30.8,20,20,8.0,8.0,11,17,4.4,6.8,51,45,48.57,58.44
POWERINDIA,250,114,132,4,45.6,52.8,1.6,139,50,55.6,20.0,21,12,8.4,4.8,16,9,6.4,3.6,58,19,41.73,38.0
PPLPHARMA,250,98,149,3,39.2,59.6,1.2,138,46,55.2,18.4,22,17,8.8,6.8,14,16,5.6,6.4,47,27,34.06,58.7
PRAJIND,250,82,165,3,32.8,66.0,1.2,119,43,47.6,17.2,27,21,10.8,8.4,17,12,6.8,4.8,34,30,28.57,69.77
PREMIERENE,250,106,141,3,42.4,56.4,1.2,129,69,51.6,27.6,24,19,9.6,7.6,20,4,8.0,1.6,59,42,45.74,60.87
PRESTIGE,250,114,132,4,45.6,52.8,1.6,110,60,44.0,24.0,32,16,12.8,6.4,11,10,4.4,4.0,49,29,44.55,48.33
PTCIL,250,113,133,4,45.2,53.2,1.6,81,71,32.4,28.4,28,13,11.2,5.2,22,14,8.8,5.6,25,32,30.86,45.07
PVRINOX,248,108,140,0,43.55,56.45,0.0,117,69,47.18,27.82,21,15,8.47,6.05,10,13,4.03,5.24,51,37,43.59,53.62
RADICO,249,126,121,2,50.6,48.59,0.8,127,63,51.0,25.3,24,7,9.64,2.81,19,11,7.63,4.42,59,22,46.46,34.92
RAILTEL,250,95,151,4,38.0,60.4,1.6,128,62,51.2,24.8,22,18,8.8,7.2,12,11,4.8,4.4,48,42,37.5,67.74
RAINBOW,248,94,153,1,37.9,61.69,0.4,114,64,45.97,25.81,28,16,11.29,6.45,29,8,11.69,3.23,42,35,36.84,54.69
RAMCOCEM,248,124,122,2,50.0,49.19,0.81,116,56,46.77,22.58,22,16,8.87,6.45,22,9,8.87,3.63,48,24,41.38,42.86
RBLBANK,250,120,127,3,48.0,50.8,1.2,114,84,45.6,33.6,22,9,8.8,3.6,10,13,4.0,5.2,50,37,43.86,44.05
RCF,250,112,135,3,44.8,54.0,1.2,142,51,56.8,20.4,23,19,9.2,7.6,12,11,4.8,4.4,68,30,47.89,58.82
RECLTD,250,109,137,4,43.6,54.8,1.6,117,48,46.8,19.2,36,20,14.4,8.0,20,5,8.0,2.0,55,24,47.01,50.0
REDINGTON,250,113,134,3,45.2,53.6,1.2,129,76,51.6,30.4,16,11,6.4,4.4,13,6,5.2,2.4,56,38,43.41,50.0
RELIANCE,250,118,128,4,47.2,51.2,1.6,88,82,35.2,32.8,39,26,15.6,10.4,16,12,6.4,4.8,39,47,44.32,57.32
RELINFRA,249,104,118,27,41.77,47.39,10.84,92,56,36.95,22.49,32,44,12.85,17.67,36,43,14.46,17.27,31,27,33.7,48.21
RHIM,249,112,134,3,44.98,53.82,1.2,115,77,46.18,30.92,14,14,5.62,5.62,17,27,6.83,10.84,44,39,38.26,50.65
RITES,250,102,144,4,40.8,57.6,1.6,110,68,44.0,27.2,24,25,9.6,10.0,12,17,4.8,6.8,41,40,37.27,58.82
RKFORGE,250,95,152,3,38.0,60.8,1.2,144,57,57.6,22.8,10,16,4.0,6.4,16,13,6.4,5.2,48,30,33.33,52.63
RPOWER,250,104,139,7,41.6,55.6,2.8,119,57,47.6,22.8,29,29,11.6,11.6,14,15,5.6,6.0,45,30,37.82,52.63
RRKABEL,248,112,135,1,45.16,54.44,0.4,128,60,51.61,24.19,25,17,10.08,6.85,17,7,6.85,2.82,46,27,35.94,45.0
RVNL,250,102,144,4,40.8,57.6,1.6,137,56,54.8,22.4,25,19,10.0,7.6,8,7,3.2,2.8,48,30,35.04,53.57
SAGILITY,250,108,135,7,43.2,54.0,2.8,127,56,50.8,22.4,32,20,12.8,8.0,15,16,6.0,6.4,49,29,38.58,51.79
SAIL,250,127,119,4,50.8,47.6,1.6,103,82,41.2,32.8,23,17,9.2,6.8,7,13,2.8,5.2,50,38,48.54,46.34
SAILIFE,249,115,132,2,46.18,53.01,0.8,120,72,48.19,28.92,21,18,8.43,7.23,25,21,10.04,8.43,49,33,40.83,45.83
SAMMAANCAP,250,97,149,4,38.8,59.6,1.6,145,59,58.0,23.6,19,13,7.6,5.2,12,14,4.8,5.6,52,34,35.86,57.63
SAPPHIRE,249,102,145,2,40.96,58.23,0.8,114,79,45.78,31.73,18,17,7.23,6.83,25,15,10.04,6.02,40,45,35.09,56.96
SARDAEN,250,121,124,5,48.4,49.6,2.0,137,60,54.8,24.0,15,17,6.0,6.8,15,19,6.0,7.6,61,26,44.53,43.33
SAREGAMA,249,105,140,4,42.17,56.22,1.61,122,80,49.0,32.13,17,12,6.83,4.82,23,14,9.24,5.62,48,42,39.34,52.5
SBFC,248,116,132,0,46.77,53.23,0.0,108,68,43.55,27.42,27,16,10.89,6.45,20,11,8.06,4.44,43,32,39.81,47.06
SBICARD,250,134,112,4,53.6,44.8,1.6,74,100,29.6,40.0,20,22,8.0,8.8,14,19,5.6,7.6,45,46,60.81,46.0
SBILIFE,250,121,126,3,48.4,50.4,1.2,88,86,35.2,34.4,24,18,9.6,7.2,15,17,6.0,6.8,39,43,44.32,50.0
SBIN,250,122,122,6,48.8,48.8,2.4,128,57,51.2,22.8,34,13,13.6,5.2,9,13,3.6,5.2,59,27,46.09,47.37
SCHAEFFLER,249,118,129,2,47.39,51.81,0.8,123,76,49.4,30.52,17,9,6.83,3.61,27,12,10.84,4.82,57,41,46.34,53.95
SCHNEIDER,250,97,148,5,38.8,59.2,2.0,117,56,46.8,22.4,31,18,12.4,7.2,19,18,7.6,7.2,38,33,32.48,58.93
SCI,250,113,133,4,45.2,53.2,1.6,149,51,59.6,20.4,16,14,6.4,5.6,14,10,5.6,4.0,62,26,41.61,50.98
SHREECEM,248,100,145,3,40.32,58.47,1.21,131,50,52.82,20.16,17,9,6.85,3.63,31,10,12.5,4.03,45,25,34.35,50.0
SHRIRAMFIN,250,124,123,3,49.6,49.2,1.2,110,59,44.0,23.6,30,17,12.0,6.8,14,17,5.6,6.8,57,30,51.82,50.85
SHYAMMETL,249,117,130,2,46.99,52.21,0.8,92,97,36.95,38.96,18,17,7.23,6.83,16,16,6.43,6.43,42,50,45.65,51.55
SIEMENS,250,112,134,4,44.8,53.6,1.6,131,54,52.4,21.6,30,10,12.0,4.0,23,11,9.2,4.4,60,33,45.8,61.11
SIGNATURE,248,107,140,1,43.15,56.45,0.4,152,47,61.29,18.95,19,11,7.66,4.44,12,13,4.84,5.24,65,21,42.76,44.68
SJVN,250,99,147,4,39.6,58.8,1.6,133,56,53.2,22.4,19,16,7.6,6.4,20,12,8.0,4.8,53,32,39.85,57.14
SOBHA,248,111,135,2,44.76,54.44,0.81,138,58,55.65,23.39,22,8,8.87,3.23,17,5,6.85,2.02,60,28,43.48,48.28
SOLARINDS,250,115,131,4,46.0,52.4,1.6,130,52,52.0,20.8,40,8,16.0,3.2,21,8,8.4,3.2,61,29,46.92,55.77
SONACOMS,250,106,139,5,42.4,55.6,2.0,115,60,46.0,24.0,33,19,13.2,7.6,13,15,5.2,6.0,46,33,40.0,55.0
SONATSOFTW,250,104,143,3,41.6,57.2,1.2,134,45,53.6,18.0,17,14,6.8,5.6,21,5,8.4,2.0,58,30,43.28,66.67
SRF,249,114,132,3,45.78,53.01,1.2,106,71,42.57,28.51,20,23,8.03,9.24,19,15,7.63,6.02,42,39,39.62,54.93
STARHEALTH,248,108,138,2,43.55,55.65,0.81,116,64,46.77,25.81,15,15,6.05,6.05,21,13,8.47,5.24,37,27,31.9,42.19
SUMICHEM,249,120,124,5,48.19,49.8,2.01,110,62,44.18,24.9,21,21,8.43,8.43,20,18,8.03,7.23,42,21,38.18,33.87
SUNDARMFIN,249,121,125,3,48.59,50.2,1.2,113,88,45.38,35.34,17,10,6.83,4.02,20,15,8.03,6.02,51,39,45.13,44.32
SUNDRMFAST,248,101,146,1,40.73,58.87,0.4,105,66,42.34,26.61,19,18,7.66,7.26,10,18,4.03,7.26,42,34,40.0,51.52
SUNPHARMA,250,123,124,3,49.2,49.6,1.2,97,69,38.8,27.6,31,20,12.4,8.0,18,11,7.2,4.4,43,31,44.33,44.93
SUNTV,249,101,144,4,40.56,57.83,1.61,115,67,46.18,26.91,23,19,9.24,7.63,21,14,8.43,5.62,43,40,37.39,59.7
SUPREMEIND,250,109,138,3,43.6,55.2,1.2,101,87,40.4,34.8,17,15,6.8,6.0,20,18,8.0,7.2,48,52,47.52,59.77
SUZLON,250,93,152,5,37.2,60.8,2.0,135,41,54.0,16.4,35,9,14.0,3.6,15,9,6.0,3.6,51,23,37.78,56.1
SWANCORP,250,103,143,4,41.2,57.2,1.6,128,80,51.2,32.0,10,16,4.0,6.4,11,15,4.4,6.0,50,46,39.06,57.5
SWIGGY,250,115,131,4,46.0,52.4,1.6,130,66,52.0,26.4,18,17,7.2,6.8,21,4,8.4,1.6,61,32,46.92,48.48
SYNGENE,249,117,130,2,46.99,52.21,0.8,98,59,39.36,23.69,26,24,10.44,9.64,11,10,4.42,4.02,44,29,44.9,49.15
SYRMA,250,112,135,3,44.8,54.0,1.2,145,64,58.0,25.6,19,7,7.6,2.8,10,7,4.0,2.8,52,30,35.86,46.88
TARIL,248,94,148,6,37.9,59.68,2.42,142,43,57.26,17.34,28,25,11.29,10.08,21,13,8.47,5.24,51,22,35.92,51.16
TATACHEM,250,105,142,3,42.0,56.8,1.2,135,47,54.0,18.8,24,11,9.6,4.4,16,18,6.4,7.2,64,30,47.41,63.83
TATACOMM,249,111,135,3,44.58,54.22,1.2,116,76,46.59,30.52,16,9,6.43,3.61,14,14,5.62,5.62,51,43,43.97,56.58
TATACONSUM,250,128,119,3,51.2,47.6,1.2,75,78,30.0,31.2,15,23,6.0,9.2,16,19,6.4,7.6,34,36,45.33,46.15
TATAELXSI,250,108,138,4,43.2,55.2,1.6,107,53,42.8,21.2,28,15,11.2,6.0,23,8,9.2,3.2,43,29,40.19,54.72
TATAINVEST,250,94,153,3,37.6,61.2,1.2,152,40,60.8,16.0,21,13,8.4,5.2,22,18,8.8,7.2,55,22,36.18,55.0
TATAPOWER,250,116,130,4,46.4,52.0,1.6,78,66,31.2,26.4,24,23,9.6,9.2,10,9,4.0,3.6,39,34,50.0,51.52
TATASTEEL,250,127,120,3,50.8,48.0,1.2,103,63,41.2,25.2,25,21,10.0,8.4,15,14,6.0,5.6,56,37,54.37,58.73
TATATECH,248,101,147,0,40.73,59.27,0.0,118,46,47.58,18.55,32,23,12.9,9.27,9,8,3.63,3.23,42,26,35.59,56.52
TBOTEK,249,93,154,2,37.35,61.85,0.8,98,76,39.36,30.52,36,15,14.46,6.02,28,13,11.24,5.22,31,42,31.63,55.26
TCS,250,108,137,5,43.2,54.8,2.0,93,70,37.2,28.0,30,38,12.0,15.2,21,14,8.4,5.6,46,45,49.46,64.29
TECHM,250,123,123,4,49.2,49.2,1.6,109,67,43.6,26.8,28,27,11.2,10.8,18,10,7.2,4.0,52,34,47.71,50.75
TECHNOE,249,107,140,2,42.97,56.22,0.8,123,63,49.4,25.3,17,14,6.83,5.62,19,12,7.63,4.82,51,34,41.46,53.97
TEJASNET,250,78,168,4,31.2,67.2,1.6,143,41,57.2,16.4,19,21,7.6,8.4,12,11,4.8,4.4,42,28,29.37,68.29
THELEELA,155,79,74,2,50.97,47.74,1.29,59,53,38.06,34.19,12,9,7.74,5.81,9,12,5.81,7.74,22,16,37.29,30.19
THERMAX,249,109,137,3,43.78,55.02,1.2,109,73,43.78,29.32,24,13,9.64,5.22,25,11,10.04,4.42,47,40,43.12,54.79
TIINDIA,249,107,140,2,42.97,56.22,0.8,117,68,46.99,27.31,17,15,6.83,6.02,16,14,6.43,5.62,45,32,38.46,47.06
TIMKEN,249,130,117,2,52.21,46.99,0.8,106,70,42.57,28.11,27,18,10.84,7.23,25,12,10.04,4.82,48,26,45.28,37.14
TITAGARH,250,107,140,3,42.8,56.0,1.2,128,49,51.2,19.6,28,20,11.2,8.0,9,10,3.6,4.0,57,31,44.53,63.27
TITAN,250,133,114,3,53.2,45.6,1.2,87,75,34.8,30.0,21,28,8.4,11.2,8,11,3.2,4.4,42,32,48.28,42.67
TMPV,62,18,43,1,29.03,69.35,1.61,33,12,53.23,19.35,4,2,6.45,3.23,5,1,8.06,1.61,10,10,30.3,83.33
TORNTPHARM,250,119,128,3,47.6,51.2,1.2,112,57,44.8,22.8,27,20,10.8,8.0,27,16,10.8,6.4,49,33,43.75,57.89
TORNTPOWER,250,114,132,4,45.6,52.8,1.6,104,70,41.6,28.0,25,14,10.0,5.6,10,11,4.0,4.4,43,31,41.35,44.29
TRENT,250,103,144,3,41.2,57.6,1.2,141,40,56.4,16.0,24,14,9.6,5.6,18,7,7.2,2.8,55,21,39.01,52.5
TRIDENT,250,91,154,5,36.4,61.6,2.0,120,50,48.0,20.0,26,20,10.4,8.0,22,13,8.8,5.2,40,27,33.33,54.0
TRITURBINE,250,104,143,3,41.6,57.2,1.2,120,59,48.0,23.6,27,16,10.8,6.4,10,6,4.0,2.4,47,29,39.17,49.15
TRIVENI,249,105,141,3,42.17,56.63,1.2,127,51,51.0,20.48,23,16,9.24,6.43,21,13,8.43,5.22,49,19,38.58,37.25
TTML,250,85,162,3,34.0,64.8,1.2,113,70,45.2,28.0,14,15,5.6,6.0,16,11,6.4,4.4,38,48,33.63,68.57
TVSMOTOR,250,118,128,4,47.2,51.2,1.6,113,63,45.2,25.2,41,9,16.4,3.6,13,11,5.2,4.4,51,27,45.13,42.86
UBL,249,102,144,3,40.96,57.83,1.2,113,61,45.38,24.5,25,13,10.04,5.22,33,9,13.25,3.61,37,27,32.74,44.26
UCOBANK,250,94,152,4,37.6,60.8,1.6,134,52,53.6,20.8,24,15,9.6,6.0,18,12,7.2,4.8,42,27,31.34,51.92
ULTRACEMCO,250,123,123,4,49.2,49.2,1.6,96,76,38.4,30.4,31,11,12.4,4.4,19,10,7.6,4.0,38,32,39.58,42.11
UNIONBANK,250,122,125,3,48.8,50.0,1.2,120,55,48.0,22.0,38,12,15.2,4.8,17,15,6.8,6.0,62,32,51.67,58.18
UNITDSPR,248,106,141,1,42.74,56.85,0.4,113,50,45.56,20.16,36,13,14.52,5.24,23,5,9.27,2.02,47,26,41.59,52.0
UNOMINDA,250,119,127,4,47.6,50.8,1.6,99,58,39.6,23.2,21,13,8.4,5.2,21,14,8.4,5.6,42,32,42.42,55.17
UPL,250,119,128,3,47.6,51.2,1.2,114,56,45.6,22.4,37,14,14.8,5.6,11,10,4.4,4.0,46,21,40.35,37.5
USHAMART,249,114,133,2,45.78,53.41,0.8,115,80,46.18,32.13,15,9,6.02,3.61,11,8,4.42,3.21,50,42,43.48,52.5
UTIAMC,250,108,138,4,43.2,55.2,1.6,97,76,38.8,30.4,26,17,10.4,6.8,18,10,7.2,4.0,38,40,39.18,52.63
VBL,250,104,143,3,41.6,57.2,1.2,122,54,48.8,21.6,23,22,9.2,8.8,17,10,6.8,4.0,43,30,35.25,55.56
VEDL,250,121,125,4,48.4,50.0,1.6,104,55,41.6,22.0,54,15,21.6,6.0,10,9,4.0,3.6,59,30,56.73,54.55
VENTIVE,249,116,131,2,46.59,52.61,0.8,107,72,42.97,28.92,27,17,10.84,6.83,29,14,11.65,5.62,45,28,42.06,38.89
VGUARD,249,98,147,4,39.36,59.04,1.61,109,64,43.78,25.7,24,15,9.64,6.02,29,14,11.65,5.62,35,28,32.11,43.75
VIJAYA,249,101,145,3,40.56,58.23,1.2,116,68,46.59,27.31,22,14,8.84,5.62,30,16,12.05,6.43,40,35,34.48,51.47
VMM,249,109,136,4,43.78,54.62,1.61,141,64,56.63,25.7,18,14,7.23,5.62,12,5,4.82,2.01,58,35,41.13,54.69
VOLTAS,250,134,113,3,53.6,45.2,1.2,78,110,31.2,44.0,19,24,7.6,9.6,22,17,8.8,6.8,33,41,42.31,37.27
VTL,250,102,143,5,40.8,57.2,2.0,88,67,35.2,26.8,29,19,11.6,7.6,28,13,11.2,5.2,35,36,39.77,53.73
WAAREEENER,250,101,146,3,40.4,58.4,1.2,144,46,57.6,18.4,31,21,12.4,8.4,17,9,6.8,3.6,58,28,40.28,60.87
WELCORP,250,103,144,3,41.2,57.6,1.2,123,59,49.2,23.6,28,13,11.2,5.2,20,11,8.0,4.4,53,33,43.09,55.93
WELSPUNLIV,250,99,146,5,39.6,58.4,2.0,115,66,46.0,26.4,15,15,6.0,6.0,22,10,8.8,4.0,49,47,42.61,71.21
WHIRLPOOL,250,107,138,5,42.8,55.2,2.0,125,54,50.0,21.6,22,15,8.8,6.0,26,12,10.4,4.8,49,27,39.2,50.0
WIPRO,250,112,133,5,44.8,53.2,2.0,108,60,43.2,24.0,28,26,11.2,10.4,26,14,10.4,5.6,55,39,50.93,65.0
WOCKPHARMA,250,99,147,4,39.6,58.8,1.6,132,38,52.8,15.2,23,19,9.2,7.6,13,10,5.2,4.0,51,23,38.64,60.53
YESBANK,250,111,132,7,44.4,52.8,2.8,118,43,47.2,17.2,26,13,10.4,5.2,17,13,6.8,5.2,57,19,48.31,44.19
ZEEL,250,95,152,3,38.0,60.8,1.2,161,36,64.4,14.4,16,13,6.4,5.2,8,12,3.2,4.8,62,20,38.51,55.56
ZENSARTECH,249,115,131,3,46.18,52.61,1.2,120,67,48.19,26.91,19,13,7.63,5.22,16,9,6.43,3.61,56,37,46.67,55.22
ZENTEC,250,97,142,11,38.8,56.8,4.4,127,51,50.8,20.4,36,19,14.4,7.6,29,14,11.6,5.6,48,26,37.8,50.98
ZFCVINDIA,249,112,135,2,44.98,54.22,0.8,119,68,47.79,27.31,18,12,7.23,4.82,23,14,9.24,5.62,45,31,37.82,45.59
ZYDUSLIFE,250,110,136,4,44.0,54.4,1.6,101,44,40.4,17.6,46,15,18.4,6.0,19,15,7.6,6.0,45,24,44.55,54.55
^CNXAUTO,246,114,132,0,46.34,53.66,0.0,113,62,45.93,25.2,48,23,19.51,9.35,5,3,2.03,1.22,50,33,44.25,53.23
^CNXENERGY,246,111,135,0,45.12,54.88,0.0,125,46,50.81,18.7,57,17,23.17,6.91,1,1,0.41,0.41,49,24,39.2,52.17
^CNXFMCG,246,111,135,0,45.12,54.88,0.0,129,68,52.44,27.64,30,18,12.2,7.32,6,6,2.44,2.44,52,30,40.31,44.12
^CNXIT,246,107,139,0,43.5,56.5,0.0,100,69,40.65,28.05,40,37,16.26,15.04,6,7,2.44,2.85,48,48,48.0,69.57
^CNXMEDIA,246,104,142,0,42.28,57.72,0.0,138,60,56.1,24.39,34,12,13.82,4.88,4,3,1.63,1.22,53,33,38.41,55.0
^CNXMETAL,246,120,126,0,48.78,51.22,0.0,114,59,46.34,23.98,55,18,22.36,7.32,4,4,1.63,1.63,56,35,49.12,59.32
^CNXPHARMA,246,126,119,1,51.22,48.37,0.41,109,66,44.31,26.83,55,15,22.36,6.1,9,4,3.66,1.63,52,35,47.71,53.03
^CNXREALTY,246,114,132,0,46.34,53.66,0.0,134,51,54.47,20.73,41,18,16.67,7.32,2,2,0.81,0.81,58,27,43.28,52.94
^NSEBANK,246,128,118,0,52.03,47.97,0.0,77,76,31.3,30.89,52,41,21.14,16.67,6,8,2.44,3.25,39,30,50.65,39.47
^NSEI,248,116,132,0,46.77,53.23,0.0,89,69,35.89,27.82,54,36,21.77,14.52,5,7,2.02,2.82,44,43,49.44,62.32
